{
    "root_group": {
        "name": "",
        "path": "",
        "id": "d41d8cd98f00b204e9800998ecf8427e",
        "groups": {},
        "checks": {
                "status was 200": {
                    "id": "1461660757a913d4fb82ac4c5e1009de",
                    "passes": 9934,
                    "fails": 0,
                    "name": "status was 200",
                    "path": "::status was 200"
                }
            }
    },
    "metrics": {
        "data_received": {
            "count": 6052512,
            "rate": 85981.02917481189
        },
        "iterations": {
            "count": 1994,
            "rate": 28.326448947903764
        },
        "vus": {
            "value": 8209,
            "min": 2,
            "max": 9999
        },
        "http_req_receiving": {
            "avg": 0.10175487215623116,
            "min": 0,
            "med": 0,
            "max": 4.7416,
            "p(90)": 0.5222,
            "p(95)": 0.5289
        },
        "http_req_duration": {
            "med": 12117.753850000001,
            "max": 39283.4987,
            "p(90)": 29852.080560000006,
            "p(95)": 32249.890835000002,
            "avg": 13582.432420293979,
            "min": 10.3745
        },
        "http_req_connecting": {
            "min": 0,
            "med": 0.5265,
            "max": 16.2264,
            "p(90)": 2.6986100000000017,
            "p(95)": 3.6109,
            "avg": 1.0141786490839555
        },
        "http_req_waiting": {
            "p(90)": 29851.378350000006,
            "p(95)": 32249.864865,
            "avg": 13582.286903291766,
            "min": 10.3745,
            "med": 12117.753850000001,
            "max": 39282.9623
        },
        "http_req_blocked": {
            "avg": 1.0731091000603974,
            "min": 0,
            "med": 0.53105,
            "max": 18.2906,
            "p(90)": 2.777160000000002,
            "p(95)": 3.7069800000000024
        },
        "http_req_failed": {
            "passes": 0,
            "fails": 9934,
            "value": 0
        },
        "iteration_duration": {
            "avg": 17654.589313390166,
            "min": 1046.6401,
            "med": 16613.2863,
            "max": 39928.9511,
            "p(90)": 34188.50677,
            "p(95)": 36717.831699999995
        },
        "http_reqs": {
            "count": 9934,
            "rate": 141.12083442752055
        },
        "vus_max": {
            "value": 10000,
            "min": 10000,
            "max": 10000
        },
        "data_sent": {
            "count": 19110534,
            "rate": 271481.22653870564
        },
        "http_req_sending": {
            "avg": 0.04376213005838534,
            "min": 0,
            "med": 0,
            "max": 3.2494,
            "p(90)": 0,
            "p(95)": 0.5135700000000001
        },
        "http_req_duration{expected_response:true}": {
            "avg": 13582.432420293979,
            "min": 10.3745,
            "med": 12117.753850000001,
            "max": 39283.4987,
            "p(90)": 29852.080560000006,
            "p(95)": 32249.890835000002
        },
        "checks": {
            "passes": 9934,
            "fails": 0,
            "value": 1
        },
        "http_req_tls_handshaking": {
            "max": 0,
            "p(90)": 0,
            "p(95)": 0,
            "avg": 0,
            "min": 0,
            "med": 0
        }
    }
}